Pincode,Governing_Sub_Post_Office,Area_Place_Name,Office_Type,Postal_Division
760001,Berhampur(GM) H.O,Berhampur(GM) H.O,Head Office (H.O.),Berhampur Division
760001,Berhampur(GM) H.O,Badakhemundi Street S.O,Sub Office (S.O.),Berhampur Division
760001,Berhampur(GM) H.O,Bhapur Bazar S.O,Sub Office (S.O.),Berhampur Division
760001,Berhampur(GM) H.O,Bijipur S.O,Sub Office (S.O.),Berhampur Division
760001,Berhampur(GM) H.O,Brajanagar,Sub Office (S.O.),Berhampur Division
760001,Berhampur(GM) H.O,Gandhinagar S.O (Ganjam),Sub Office (S.O.),Berhampur Division
760001,Berhampur(GM) H.O,Gatebazar S.O,Sub Office (S.O.),Berhampur Division
760001,Berhampur(GM) H.O,Godavarishanagar S.O,Sub Office (S.O.),Berhampur Division
760001,Berhampur(GM) H.O,Khallikote College S.O,Sub Office (S.O.),Berhampur Division
760001,Berhampur(GM) H.O,Military Lines S.O,Sub Office (S.O.),Berhampur Division
760002,Berhampur City S.O,Berhampur City S.O,Sub Office (S.O.),Berhampur Division
760002,Berhampur City S.O,Park Street S.O,Sub Office (S.O.),Berhampur Division
760002,Berhampur City S.O,Premnagar S.O (Ganjam),Sub Office (S.O.),Berhampur Division
760002,Berhampur City S.O,Sriram Nagar S.O,Sub Office (S.O.),Berhampur Division
760002,Berhampur City S.O,Banthapalli B.O,Branch Office (B.O.),Berhampur Division
760002,Berhampur City S.O,Bendalia B.O,Branch Office (B.O.),Berhampur Division
760002,Berhampur City S.O,Dakhinpur B.O,Branch Office (B.O.),Berhampur Division
760002,Berhampur City S.O,Lathi B.O,Branch Office (B.O.),Berhampur Division
760002,Berhampur City S.O,Mohuda B.O,Branch Office (B.O.),Berhampur Division
760002,Berhampur City S.O,Puruna Berhampur B.O,Branch Office (B.O.),Berhampur Division
760003,Gosaninuagam S.O,Gosaninuagam S.O,Sub Office (S.O.),Berhampur Division
760003,Gosaninuagam S.O,Daspur B.O,Branch Office (B.O.),Berhampur Division
760003,Gosaninuagam S.O,Haladiapadar B.O,Branch Office (B.O.),Berhampur Division
760003,Gosaninuagam S.O,Keluapalli B.O,Branch Office (B.O.),Berhampur Division
760003,Gosaninuagam S.O,Ladigam B.O,Branch Office (B.O.),Berhampur Division
760003,Gosaninuagam S.O,Markandi B.O,Branch Office (B.O.),Berhampur Division
760003,Gosaninuagam S.O,Padmapur B.O,Branch Office (B.O.),Berhampur Division
760003,Gosaninuagam S.O,Phulta B.O,Branch Office (B.O.),Berhampur Division
760003,Gosaninuagam S.O,Rangipur B.O,Branch Office (B.O.),Berhampur Division
760004,Baidyanathpur S.O,Baidyanathpur S.O,Sub Office (S.O.),Berhampur Division
760004,Baidyanathpur S.O,Courtpeta S.O,Sub Office (S.O.),Berhampur Division
760004,Baidyanathpur S.O,Goilundi S.O,Sub Office (S.O.),Berhampur Division
760004,Baidyanathpur S.O,Medical College S.O (Ganjam),Sub Office (S.O.),Berhampur Division
760005,Hillpatna S.O,Hillpatna S.O,Sub Office (S.O.),Berhampur Division
760006,Panigrahipentho S.O,Panigrahipentho S.O,Sub Office (S.O.),Berhampur Division
760006,Panigrahipentho S.O,Sankarapur S.O,Sub Office (S.O.),Berhampur Division
760007,Berhampur University S.O,Berhampur University S.O,Sub Office (S.O.),Berhampur Division
760007,Berhampur University S.O,Badakusasthali B.O,Branch Office (B.O.),Berhampur Division
760007,Berhampur University S.O,Badapur B.O,Branch Office (B.O.),Berhampur Division
760007,Berhampur University S.O,Bahadurpeta B.O,Branch Office (B.O.),Berhampur Division
760007,Berhampur University S.O,Narendrapur B.O,Branch Office (B.O.),Berhampur Division
760007,Berhampur University S.O,Rangailunda B.O,Branch Office (B.O.),Berhampur Division
760008,Industrial Estates S.O,Industrial Estates S.O,Sub Office (S.O.),Berhampur Division
760008,Industrial Estates S.O,Lanjipalli S.O,Sub Office (S.O.),Berhampur Division
760009,Nabeen S.O,Nabeen S.O,Sub Office (S.O.),Berhampur Division
760010,Engineering School S.O,Engineering School S.O,Sub Office (S.O.),Berhampur Division
760010,Engineering School S.O,Ankuli B.O,Branch Office (B.O.),Berhampur Division
760010,Engineering School S.O,Dura B.O,Branch Office (B.O.),Berhampur Division
760011,AMBAPUA SO,AMBAPUA SO,Sub Office (S.O.),Berhampur Division
761001,Nimakhandi S.O,Nimakhandi S.O,Sub Office (S.O.),Berhampur Division
761001,Nimakhandi S.O,Bhabinipur B.O,Branch Office (B.O.),Berhampur Division
761001,Nimakhandi S.O,Borigam B.O,Branch Office (B.O.),Berhampur Division
761001,Nimakhandi S.O,Gurunthi B.O,Branch Office (B.O.),Berhampur Division
761001,Nimakhandi S.O,Hugulapata B.O,Branch Office (B.O.),Berhampur Division
761001,Nimakhandi S.O,Jagadalapur B.O,Branch Office (B.O.),Berhampur Division
761001,Nimakhandi S.O,Jhadankuli B.O,Branch Office (B.O.),Berhampur Division
761001,Nimakhandi S.O,Krupasindhupur B.O,Branch Office (B.O.),Berhampur Division
761001,Nimakhandi S.O,Lochapada B.O,Branch Office (B.O.),Berhampur Division
761001,Nimakhandi S.O,Palasi B.O,Branch Office (B.O.),Berhampur Division
761002,Gopalpur S.O (Ganjam),Gopalpur S.O (Ganjam),Sub Office (S.O.),Berhampur Division
761002,Gopalpur S.O (Ganjam),Badaputi B.O,Branch Office (B.O.),Berhampur Division
761002,Gopalpur S.O (Ganjam),Boxipalli B.O,Branch Office (B.O.),Berhampur Division
761002,Gopalpur S.O (Ganjam),Ganju B.O,Branch Office (B.O.),Berhampur Division
761002,Gopalpur S.O (Ganjam),Kallipalli B.O,Branch Office (B.O.),Berhampur Division
761002,Gopalpur S.O (Ganjam),Narayanapur B.O,Branch Office (B.O.),Berhampur Division
761002,Gopalpur S.O (Ganjam),Upalaputti B.O,Branch Office (B.O.),Berhampur Division
761002,Gopalpur S.O (Ganjam),Venkataraipur B.O,Branch Office (B.O.),Berhampur Division
761003,Bhatakumarada S.O,Bhatakumarada S.O,Sub Office (S.O.),Berhampur Division
761003,Bhatakumarada S.O,Baghala B.O,Branch Office (B.O.),Berhampur Division
761003,Bhatakumarada S.O,Bellagam B.O,Branch Office (B.O.),Berhampur Division
761003,Bhatakumarada S.O,Bhabandha B.O,Branch Office (B.O.),Berhampur Division
761003,Bhatakumarada S.O,Chandipadar B.O,Branch Office (B.O.),Berhampur Division
761003,Bhatakumarada S.O,Dhobadipatapur B.O,Branch Office (B.O.),Berhampur Division
761003,Bhatakumarada S.O,Gondala B.O,Branch Office (B.O.),Berhampur Division
761003,Bhatakumarada S.O,Jagannathpur B.O,Branch Office (B.O.),Berhampur Division
761003,Bhatakumarada S.O,Laxmipur B.O,Branch Office (B.O.),Berhampur Division
761003,Bhatakumarada S.O,Sahapur B.O,Branch Office (B.O.),Berhampur Division
761003,Bhatakumarada S.O,Sunathara B.O,Branch Office (B.O.),Berhampur Division
761003,Bhatakumarada S.O,Tanganapalli B.O,Branch Office (B.O.),Berhampur Division
761004,Patrapur S.O,Patrapur S.O,Sub Office (S.O.),Berhampur Division
761004,Patrapur S.O,Badabaranga B.O,Branch Office (B.O.),Berhampur Division
761004,Patrapur S.O,Bhimpur B.O,Branch Office (B.O.),Berhampur Division
761004,Patrapur S.O,Kelua B.O,Branch Office (B.O.),Berhampur Division
761004,Patrapur S.O,Khambarigam B.O,Branch Office (B.O.),Berhampur Division
761004,Patrapur S.O,Moisanpur B.O,Branch Office (B.O.),Berhampur Division
761004,Patrapur S.O,Samantiapalli B.O,Branch Office (B.O.),Berhampur Division
761004,Patrapur S.O,Santoshpur B.O,Branch Office (B.O.),Berhampur Division
761005,Jaradagada S.O,Jaradagada S.O,Sub Office (S.O.),Berhampur Division
761005,Jaradagada S.O,Ambapur B.O,Branch Office (B.O.),Berhampur Division
761005,Jaradagada S.O,Andanda B.O,Branch Office (B.O.),Berhampur Division
761005,Jaradagada S.O,Burutal B.O,Branch Office (B.O.),Berhampur Division
761005,Jaradagada S.O,Chikati Badapur B.O,Branch Office (B.O.),Berhampur Division
761005,Jaradagada S.O,Gundra B.O,Branch Office (B.O.),Berhampur Division
761005,Jaradagada S.O,Jarada Ankuli B.O,Branch Office (B.O.),Berhampur Division
761005,Jaradagada S.O,Suanakhala B.O,Branch Office (B.O.),Berhampur Division
761005,Jaradagada S.O,Sunareddy B.O,Branch Office (B.O.),Berhampur Division
761005,Jaradagada S.O,Tumbagada B.O,Branch Office (B.O.),Berhampur Division
761006,Jayantipur S.O,Jayantipur S.O,Sub Office (S.O.),Berhampur Division
761006,Jayantipur S.O,B.Nuagam B.O,Branch Office (B.O.),Berhampur Division
761006,Jayantipur S.O,Bansola B.O,Branch Office (B.O.),Berhampur Division
761006,Jayantipur S.O,Barango B.O,Branch Office (B.O.),Berhampur Division
761006,Jayantipur S.O,Gudipadar B.O,Branch Office (B.O.),Berhampur Division
761006,Jayantipur S.O,Kesaripada B.O,Branch Office (B.O.),Berhampur Division
761006,Jayantipur S.O,Totipuram B.O,Branch Office (B.O.),Berhampur Division
761007,Padmanavapur S.O,Padmanavapur S.O,Sub Office (S.O.),Berhampur Division
761007,Padmanavapur S.O,B.Turubudi B.O,Branch Office (B.O.),Berhampur Division
761007,Padmanavapur S.O,Boripadar B.O,Branch Office (B.O.),Berhampur Division
761007,Padmanavapur S.O,Chaitanyapur B.O,Branch Office (B.O.),Berhampur Division
761007,Padmanavapur S.O,Golanda B.O,Branch Office (B.O.),Berhampur Division
761007,Padmanavapur S.O,Guhalpur B.O,Branch Office (B.O.),Berhampur Division
761007,Padmanavapur S.O,Jharipadar B.O,Branch Office (B.O.),Berhampur Division
761007,Padmanavapur S.O,Kaithkhandi B.O,Branch Office (B.O.),Berhampur Division
761007,Padmanavapur S.O,Narendrappur B.O,Branch Office (B.O.),Berhampur Division
761007,Padmanavapur S.O,Odasingi B.O,Branch Office (B.O.),Berhampur Division
761007,Padmanavapur S.O,Talasingi B.O,Branch Office (B.O.),Berhampur Division
761008,Golanthara S.O,Golanthara S.O,Sub Office (S.O.),Berhampur Division
761008,Golanthara S.O,Kanisi Hat S.O.,Sub Office (S.O.),Berhampur Division
761008,Golanthara S.O,Biswanathpur B.O,Branch Office (B.O.),Berhampur Division
761008,Golanthara S.O,Chikarada B.O,Branch Office (B.O.),Berhampur Division
761008,Golanthara S.O,Govindanagar B.O,Branch Office (B.O.),Berhampur Division
761008,Golanthara S.O,Indrakhi B.O,Branch Office (B.O.),Berhampur Division
761008,Golanthara S.O,Konika B.O,Branch Office (B.O.),Berhampur Division
761008,Golanthara S.O,Konisi B.O,Branch Office (B.O.),Berhampur Division
761008,Golanthara S.O,Kotharasingi B.O,Branch Office (B.O.),Berhampur Division
761008,Golanthara S.O,Mantridi B.O,Branch Office (B.O.),Berhampur Division
761008,Golanthara S.O,Mendrajpur B.O,Branch Office (B.O.),Berhampur Division
761008,Golanthara S.O,Panchama B.O,Branch Office (B.O.),Berhampur Division
761008,Golanthara S.O,Rondha B.O,Branch Office (B.O.),Berhampur Division
761008,Golanthara S.O,Sasanapadar B.O,Branch Office (B.O.),Berhampur Division
761008,Golanthara S.O,Shiala B.O,Branch Office (B.O.),Berhampur Division
761008,Golanthara S.O,Sunadei B.O,Branch Office (B.O.),Berhampur Division
761009,Girisola S.O,Girisola S.O,Sub Office (S.O.),Berhampur Division
761009,Girisola S.O,Gopinathpur B.O,Branch Office (B.O.),Berhampur Division
761009,Girisola S.O,Haripur B.O,Branch Office (B.O.),Berhampur Division
761009,Girisola S.O,Jhatipadar B.O,Branch Office (B.O.),Berhampur Division
761009,Girisola S.O,Kaviti Suvani B.O,Branch Office (B.O.),Berhampur Division
761009,Girisola S.O,Koturu B.O,Branch Office (B.O.),Berhampur Division
761009,Girisola S.O,R.Suvani B.O,Branch Office (B.O.),Berhampur Division
761009,Girisola S.O,Sonepur B.O,Branch Office (B.O.),Berhampur Division
761009,Girisola S.O,Surala B.O,Branch Office (B.O.),Berhampur Division
761010,Chikiti S.O,Chikiti S.O,Sub Office (S.O.),Berhampur Division
761010,Chikiti S.O,Badapalanka B.O,Branch Office (B.O.),Berhampur Division
761010,Chikiti S.O,Chikitipentho B.O,Branch Office (B.O.),Berhampur Division
761010,Chikiti S.O,Jagamohanapur B.O,Branch Office (B.O.),Berhampur Division
761010,Chikiti S.O,Kalabada B.O,Branch Office (B.O.),Berhampur Division
761010,Chikiti S.O,Kolathia B.O,Branch Office (B.O.),Berhampur Division
761010,Chikiti S.O,Kottilingi B.O,Branch Office (B.O.),Berhampur Division
761010,Chikiti S.O,Krushanapur B.O,Branch Office (B.O.),Berhampur Division
761010,Chikiti S.O,Madhabandha B.O,Branch Office (B.O.),Berhampur Division
761010,Chikiti S.O,Nuagaon B.O,Branch Office (B.O.),Berhampur Division
761010,Chikiti S.O,Pitatoli B.O,Branch Office (B.O.),Berhampur Division
761010,Chikiti S.O,Ramchandrapur B.O,Branch Office (B.O.),Berhampur Division
761010,Chikiti S.O,Rampa B.O,Branch Office (B.O.),Berhampur Division
761011,Nuapada S.O,Nuapada S.O,Sub Office (S.O.),Berhampur Division
761011,Nuapada S.O,B.L.N.Pur B.O,Branch Office (B.O.),Berhampur Division
761011,Nuapada S.O,Badakhajahari B.O,Branch Office (B.O.),Berhampur Division
761011,Nuapada S.O,Banamali B.O,Branch Office (B.O.),Berhampur Division
761011,Nuapada S.O,Dabarsingi B.O,Branch Office (B.O.),Berhampur Division
761011,Nuapada S.O,Dauni B.O,Branch Office (B.O.),Berhampur Division
761011,Nuapada S.O,Godagovindapur B.O,Branch Office (B.O.),Berhampur Division
761011,Nuapada S.O,Goudagam B.O,Branch Office (B.O.),Berhampur Division
761011,Nuapada S.O,L.N.Pur B.O,Branch Office (B.O.),Berhampur Division
761012,Digapahandi S.O,Digapahandi S.O,Sub Office (S.O.),Berhampur Division
761012,Digapahandi S.O,Digapahandi Tahasil Colony S.O,Sub Office (S.O.),Berhampur Division
761012,Digapahandi S.O,Ambagaon B.O,Branch Office (B.O.),Berhampur Division
761012,Digapahandi S.O,Ankorada B.O,Branch Office (B.O.),Berhampur Division
761012,Digapahandi S.O,Chudangapur B.O,Branch Office (B.O.),Berhampur Division
761012,Digapahandi S.O,Gokarnapur B.O,Branch Office (B.O.),Berhampur Division
761012,Digapahandi S.O,Kusapada B.O,Branch Office (B.O.),Berhampur Division
761012,Digapahandi S.O,Maulabhanja B.O,Branch Office (B.O.),Berhampur Division
761012,Digapahandi S.O,Sahaspur B.O,Branch Office (B.O.),Berhampur Division
761013,Pattapur S.O,Pattapur S.O,Sub Office (S.O.),Aska Division
761013,Pattapur S.O,Erendra B.O,Branch Office (B.O.),Aska Division
761013,Pattapur S.O,Gangapur B.O,Branch Office (B.O.),Aska Division
761013,Pattapur S.O,J.Balabhadrapur B.O,Branch Office (B.O.),Aska Division
761013,Pattapur S.O,Khallingi B.O,Branch Office (B.O.),Aska Division
761013,Pattapur S.O,Mahanala B.O,Branch Office (B.O.),Aska Division
761013,Pattapur S.O,P.Jagannathpur B.O,Branch Office (B.O.),Aska Division
761013,Pattapur S.O,P.Ramachandrapur B.O,Branch Office (B.O.),Aska Division
761014,Pudamari S.O,Pudamari S.O,Sub Office (S.O.),Berhampur Division
761014,Pudamari S.O,Chanamari B.O,Branch Office (B.O.),Berhampur Division
761014,Pudamari S.O,Kansamari B.O,Branch Office (B.O.),Berhampur Division
761014,Pudamari S.O,P.Govindapur B.O,Branch Office (B.O.),Berhampur Division
761014,Pudamari S.O,Patiguda B.O,Branch Office (B.O.),Berhampur Division
761014,Pudamari S.O,Singipur B.O,Branch Office (B.O.),Berhampur Division
761018,Purushottampur S.O,Purushottampur S.O,Sub Office (S.O.),Berhampur Division
761018,Purushottampur S.O,Badabaragam B.O,Branch Office (B.O.),Berhampur Division
761018,Purushottampur S.O,Chingudighai B.O,Branch Office (B.O.),Berhampur Division
761018,Purushottampur S.O,Gnagadahani B.O,Branch Office (B.O.),Berhampur Division
761018,Purushottampur S.O,Hottapur B.O,Branch Office (B.O.),Berhampur Division
761018,Purushottampur S.O,Jamuni B.O,Branch Office (B.O.),Berhampur Division
761018,Purushottampur S.O,Kinigam B.O,Branch Office (B.O.),Berhampur Division
761018,Purushottampur S.O,Purushottampur Nbs B.O,Branch Office (B.O.),Berhampur Division
761018,Purushottampur S.O,Ranajhali B.O,Branch Office (B.O.),Berhampur Division
761018,Purushottampur S.O,Sikula B.O,Branch Office (B.O.),Berhampur Division
761018,Purushottampur S.O,Soma B.O,Branch Office (B.O.),Berhampur Division
761018,Purushottampur S.O,Taratrini Hills B.O,Branch Office (B.O.),Berhampur Division
761019,Pratapur S.O (Ganjam),Pratapur S.O (Ganjam),Sub Office (S.O.),Berhampur Division
761019,Pratapur S.O (Ganjam),Alladigam B.O,Branch Office (B.O.),Berhampur Division
761019,Pratapur S.O (Ganjam),Badachakada B.O,Branch Office (B.O.),Berhampur Division
761019,Pratapur S.O (Ganjam),Badarampalli B.O,Branch Office (B.O.),Berhampur Division
761019,Pratapur S.O (Ganjam),Khajipalli B.O,Branch Office (B.O.),Berhampur Division
761019,Pratapur S.O (Ganjam),Komanda B.O,Branch Office (B.O.),Berhampur Division
761019,Pratapur S.O (Ganjam),Poirasi B.O,Branch Office (B.O.),Berhampur Division
761020,Chatrapur H.O,Chatrapur H.O,Head Office (H.O.),Berhampur Division
761020,Chatrapur H.O,Chatrapur Bazar S.O,Sub Office (S.O.),Berhampur Division
761020,Chatrapur H.O,Sitarampalli S.O,Sub Office (S.O.),Berhampur Division
761025,Jayashree S.O,Jayashree S.O,Sub Office (S.O.),Berhampur Division
761026,Ganjam S.O,Ganjam S.O,Sub Office (S.O.),Berhampur Division
761026,Ganjam S.O,Agastinuagam B.O,Branch Office (B.O.),Berhampur Division
761026,Ganjam S.O,Badamadhapur B.O,Branch Office (B.O.),Berhampur Division
761026,Ganjam S.O,Baulagam B.O,Branch Office (B.O.),Berhampur Division
761026,Ganjam S.O,Bupilingi B.O,Branch Office (B.O.),Berhampur Division
761026,Ganjam S.O,Chikalakhandi B.O,Branch Office (B.O.),Berhampur Division
761026,Ganjam S.O,Humuri B.O,Branch Office (B.O.),Berhampur Division
761026,Ganjam S.O,Kalyanapur B.O,Branch Office (B.O.),Berhampur Division
761026,Ganjam S.O,Karapada B.O,Branch Office (B.O.),Berhampur Division
761026,Ganjam S.O,Karatoli B.O,Branch Office (B.O.),Berhampur Division
761026,Ganjam S.O,Mahanadapur B.O,Branch Office (B.O.),Berhampur Division
761026,Ganjam S.O,Municipentho B.O,Branch Office (B.O.),Berhampur Division
761026,Ganjam S.O,Pallibandha B.O,Branch Office (B.O.),Berhampur Division
761026,Ganjam S.O,Podapadar B.O,Branch Office (B.O.),Berhampur Division
761026,Ganjam S.O,Pottalmpur B.O,Branch Office (B.O.),Berhampur Division
761026,Ganjam S.O,Rajpur B.O,Branch Office (B.O.),Berhampur Division
761026,Ganjam S.O,Rukunigam B.O,Branch Office (B.O.),Berhampur Division
761026,Ganjam S.O,Sarabhimpur B.O,Branch Office (B.O.),Berhampur Division
761027,Humma S.O,Humma S.O,Sub Office (S.O.),Berhampur Division
761027,Humma S.O,Haripur Burudi B.O,Branch Office (B.O.),Berhampur Division
761027,Humma S.O,Mallada B.O,Branch Office (B.O.),Berhampur Division
761027,Humma S.O,Palur B.O,Branch Office (B.O.),Berhampur Division
761027,Humma S.O,Santoshpur B.O,Branch Office (B.O.),Berhampur Division
761028,Minchinipatana S.O,Minchinipatana S.O,Sub Office (S.O.),Berhampur Division
761028,Minchinipatana S.O,Rambha S.O,Sub Office (S.O.),Berhampur Division
761028,Minchinipatana S.O,Biruligada B.O,Branch Office (B.O.),Berhampur Division
761028,Minchinipatana S.O,Dimiria B.O,Branch Office (B.O.),Berhampur Division
761028,Minchinipatana S.O,Golagandapalli B.O,Branch Office (B.O.),Berhampur Division
761028,Minchinipatana S.O,Kanaka B.O,Branch Office (B.O.),Berhampur Division
761028,Minchinipatana S.O,Khandadeuli B.O,Branch Office (B.O.),Berhampur Division
761028,Minchinipatana S.O,Madhuruchua B.O,Branch Office (B.O.),Berhampur Division
761028,Minchinipatana S.O,Paladhuapalli B.O,Branch Office (B.O.),Berhampur Division
761028,Minchinipatana S.O,Polango B.O,Branch Office (B.O.),Berhampur Division
761028,Minchinipatana S.O,Sabulia B.O,Branch Office (B.O.),Berhampur Division
761029,Khallikote RS S.O,Khallikote RS S.O,Sub Office (S.O.),Berhampur Division
761029,Khallikote RS S.O,Aitipur B.O,Branch Office (B.O.),Berhampur Division
761029,Khallikote RS S.O,Badapalli B.O,Branch Office (B.O.),Berhampur Division
761029,Khallikote RS S.O,Bhejiput B.O,Branch Office (B.O.),Berhampur Division
761029,Khallikote RS S.O,Bhikapada B.O,Branch Office (B.O.),Berhampur Division
761029,Khallikote RS S.O,Bikrampur B.O,Branch Office (B.O.),Berhampur Division
761029,Khallikote RS S.O,Khajapalli B.O,Branch Office (B.O.),Berhampur Division
761029,Khallikote RS S.O,Koirasi B.O,Branch Office (B.O.),Berhampur Division
761029,Khallikote RS S.O,Konheipur B.O,Branch Office (B.O.),Berhampur Division
761029,Khallikote RS S.O,Langaleswar B.O,Branch Office (B.O.),Berhampur Division
761029,Khallikote RS S.O,Panditgam B.O,Branch Office (B.O.),Berhampur Division
761029,Khallikote RS S.O,Pathara B.O,Branch Office (B.O.),Berhampur Division
761029,Khallikote RS S.O,Tentuliapalli B.O,Branch Office (B.O.),Berhampur Division
761030,Khallikote S.O,Khallikote S.O,Sub Office (S.O.),Berhampur Division
761030,Khallikote S.O,Badhinuapalli B.O,Branch Office (B.O.),Berhampur Division
761030,Khallikote S.O,Balunkeswarapur B.O,Branch Office (B.O.),Berhampur Division
761030,Khallikote S.O,Bania B.O,Branch Office (B.O.),Berhampur Division
761030,Khallikote S.O,Barasara B.O,Branch Office (B.O.),Berhampur Division
761030,Khallikote S.O,Chikili B.O,Branch Office (B.O.),Berhampur Division
761030,Khallikote S.O,Kendupata B.O,Branch Office (B.O.),Berhampur Division
761030,Khallikote S.O,Kushadhipa B.O,Branch Office (B.O.),Berhampur Division
761030,Khallikote S.O,Mathura B.O,Branch Office (B.O.),Berhampur Division
761030,Khallikote S.O,Syamsundarpur B.O,Branch Office (B.O.),Berhampur Division
761030,Khallikote S.O,Talapada B.O,Branch Office (B.O.),Berhampur Division
761031,Beguniapada S.O,Beguniapada S.O,Sub Office (S.O.),Berhampur Division
761031,Beguniapada S.O,Biribatia B.O,Branch Office (B.O.),Berhampur Division
761031,Beguniapada S.O,Borida B.O,Branch Office (B.O.),Berhampur Division
761031,Beguniapada S.O,Kanchana B.O,Branch Office (B.O.),Berhampur Division
761031,Beguniapada S.O,Naikanipalli B.O,Branch Office (B.O.),Berhampur Division
761031,Beguniapada S.O,Pustapur B.O,Branch Office (B.O.),Berhampur Division
761031,Beguniapada S.O,Saurachachina B.O,Branch Office (B.O.),Berhampur Division
761031,Beguniapada S.O,Tirida B.O,Branch Office (B.O.),Berhampur Division
761032,Kodala S.O,Kodala S.O,Sub Office (S.O.),Berhampur Division
761032,Kodala S.O,Kodala Tahasil Colony S.O,Sub Office (S.O.),Berhampur Division
761032,Kodala S.O,B.L.N.Pur B.O,Branch Office (B.O.),Berhampur Division
761032,Kodala S.O,Beruanbadi B.O,Branch Office (B.O.),Berhampur Division
761032,Kodala S.O,Chingudikhola B.O,Branch Office (B.O.),Berhampur Division
761032,Kodala S.O,Danapur B.O,Branch Office (B.O.),Berhampur Division
761032,Kodala S.O,Digapada B.O,Branch Office (B.O.),Berhampur Division
761032,Kodala S.O,Gouradeipur B.O,Branch Office (B.O.),Berhampur Division
761032,Kodala S.O,Jagilipadar B.O,Branch Office (B.O.),Berhampur Division
761032,Kodala S.O,Kodala Bus Stand B.O,Branch Office (B.O.),Berhampur Division
761032,Kodala S.O,Mardakote B.O,Branch Office (B.O.),Berhampur Division
761032,Kodala S.O,Mardamekha B.O,Branch Office (B.O.),Berhampur Division
761032,Kodala S.O,Mathasarasingi B.O,Branch Office (B.O.),Berhampur Division
761032,Kodala S.O,Mundala B.O,Branch Office (B.O.),Berhampur Division
761032,Kodala S.O,Phasi B.O,Branch Office (B.O.),Berhampur Division
761035,Sumandala S.O,Sumandala S.O,Sub Office (S.O.),Berhampur Division
761035,Sumandala S.O,Angaragam B.O,Branch Office (B.O.),Berhampur Division
761035,Sumandala S.O,Badakhairakhama B.O,Branch Office (B.O.),Berhampur Division
761035,Sumandala S.O,Burujhuri Nuagam B.O,Branch Office (B.O.),Berhampur Division
761035,Sumandala S.O,Kumaripari B.O,Branch Office (B.O.),Berhampur Division
761035,Sumandala S.O,Sandhamula B.O,Branch Office (B.O.),Berhampur Division
761035,Sumandala S.O,Sankuda B.O,Branch Office (B.O.),Berhampur Division
761035,Sumandala S.O,Talasara B.O,Branch Office (B.O.),Berhampur Division
761037,Surangi S.O,Surangi S.O,Sub Office (S.O.),Berhampur Division
761037,Surangi S.O,Gothagam B.O,Branch Office (B.O.),Berhampur Division
761037,Surangi S.O,Kharnipada B.O,Branch Office (B.O.),Berhampur Division
761037,Surangi S.O,Nuapentho B.O,Branch Office (B.O.),Berhampur Division
761037,Surangi S.O,Padadigi B.O,Branch Office (B.O.),Berhampur Division
761037,Surangi S.O,S.B.Pentho B.O,Branch Office (B.O.),Berhampur Division
761037,Surangi S.O,Tandipur B.O,Branch Office (B.O.),Berhampur Division
761041,Badakharida S.O,Badakharida S.O,Sub Office (S.O.),Berhampur Division
761041,Badakharida S.O,Arakhapur B.O,Branch Office (B.O.),Berhampur Division
761041,Badakharida S.O,Badamahuri B.O,Branch Office (B.O.),Berhampur Division
761041,Badakharida S.O,Bhutsarasingi B.O,Branch Office (B.O.),Berhampur Division
761041,Badakharida S.O,Rama Sanarayanpur B.O,Branch Office (B.O.),Berhampur Division
761042,Bomokei S.O,Bomokei S.O,Sub Office (S.O.),Berhampur Division
761042,Bomokei S.O,Badadumbala B.O,Branch Office (B.O.),Berhampur Division
761042,Bomokei S.O,Ballijodi B.O,Branch Office (B.O.),Berhampur Division
761042,Bomokei S.O,Dekahli B.O,Branch Office (B.O.),Berhampur Division
761042,Bomokei S.O,Jaccaro B.O,Branch Office (B.O.),Berhampur Division
761042,Bomokei S.O,Karapada B.O,Branch Office (B.O.),Berhampur Division
761042,Bomokei S.O,Manikyapur B.O,Branch Office (B.O.),Berhampur Division
761042,Bomokei S.O,Mundapata B.O,Branch Office (B.O.),Berhampur Division
761043,Pandia S.O,Pandia S.O,Sub Office (S.O.),Berhampur Division
761043,Pandia S.O,Antarigam B.O,Branch Office (B.O.),Berhampur Division
761043,Pandia S.O,Chatamundali B.O,Branch Office (B.O.),Berhampur Division
761043,Pandia S.O,Kalidaspur B.O,Branch Office (B.O.),Berhampur Division
761043,Pandia S.O,Morabai B.O,Branch Office (B.O.),Berhampur Division
761043,Pandia S.O,Pandarakhalli B.O,Branch Office (B.O.),Berhampur Division
761045,Matikhalo S.O,Matikhalo S.O,Sub Office (S.O.),Berhampur Division
761045,Matikhalo S.O,Bada Aryapalli B.O,Branch Office (B.O.),Berhampur Division
761045,Matikhalo S.O,Banabulapalli B.O,Branch Office (B.O.),Berhampur Division
761045,Matikhalo S.O,Bhikaripalli B.O,Branch Office (B.O.),Berhampur Division
761045,Matikhalo S.O,Chamakhandi B.O,Branch Office (B.O.),Berhampur Division
761045,Matikhalo S.O,Kanamana B.O,Branch Office (B.O.),Berhampur Division
761045,Matikhalo S.O,Sindurapur B.O,Branch Office (B.O.),Berhampur Division
761045,Matikhalo S.O,Sriramchandrapur B.O,Branch Office (B.O.),Berhampur Division
761052,Golabandha S.O,Golabandha S.O,Sub Office (S.O.),Berhampur Division
761054,Ballipada S.O,Ballipada S.O,Sub Office (S.O.),Berhampur Division
761054,Ballipada S.O,Badiosta B.O,Branch Office (B.O.),Berhampur Division
761054,Ballipada S.O,Dengapadar B.O,Branch Office (B.O.),Berhampur Division
761054,Ballipada S.O,Goutami B.O,Branch Office (B.O.),Berhampur Division
761054,Ballipada S.O,Nalihada B.O,Branch Office (B.O.),Berhampur Division
761054,Ballipada S.O,Sidheswara B.O,Branch Office (B.O.),Berhampur Division
761055,Bissmagiri S.O,Bissmagiri S.O,Sub Office (S.O.),Berhampur Division
761055,Bissmagiri S.O,Baritola B.O,Branch Office (B.O.),Berhampur Division
761055,Bissmagiri S.O,Gadasamantarapur B.O,Branch Office (B.O.),Berhampur Division
761055,Bissmagiri S.O,Khamarigam B.O,Branch Office (B.O.),Berhampur Division
761055,Bissmagiri S.O,Nimakhandi Pentho B.O,Branch Office (B.O.),Berhampur Division
761055,Bissmagiri S.O,Panada B.O,Branch Office (B.O.),Berhampur Division
761055,Bissmagiri S.O,Phasiguda B.O,Branch Office (B.O.),Berhampur Division
761055,Bissmagiri S.O,Sahadev Tikirapada B.O,Branch Office (B.O.),Berhampur Division
761100,Kukudakhandi S.O,Kukudakhandi S.O,Sub Office (S.O.),Berhampur Division
761100,Kukudakhandi S.O,Ankushpur B.O,Branch Office (B.O.),Berhampur Division
761100,Kukudakhandi S.O,Baulojholi B.O,Branch Office (B.O.),Berhampur Division
761100,Kukudakhandi S.O,Dayapalli B.O,Branch Office (B.O.),Berhampur Division
761100,Kukudakhandi S.O,Gopinathpur B.O,Branch Office (B.O.),Berhampur Division
761100,Kukudakhandi S.O,Ollarigada B.O,Branch Office (B.O.),Berhampur Division
761100,Kukudakhandi S.O,Raijhola B.O,Branch Office (B.O.),Berhampur Division
761100,Kukudakhandi S.O,Satapahandia B.O,Branch Office (B.O.),Berhampur Division
761101,Kanchuru S.O,Kanchuru S.O,Sub Office (S.O.),Aska Division
761101,Kanchuru S.O,Badakhandi B.O,Branch Office (B.O.),Aska Division
761101,Kanchuru S.O,Durabandha B.O,Branch Office (B.O.),Aska Division
761101,Kanchuru S.O,Makarjhola B.O,Branch Office (B.O.),Aska Division
761101,Kanchuru S.O,P.Padmanabhapur B.O,Branch Office (B.O.),Aska Division
761101,Kanchuru S.O,S.Ambagam B.O,Branch Office (B.O.),Aska Division
761101,Kanchuru S.O,Samarjhola B.O,Branch Office (B.O.),Aska Division
761101,Kanchuru S.O,Sapuapalli B.O,Branch Office (B.O.),Aska Division
761101,Kanchuru S.O,Saru B.O,Branch Office (B.O.),Aska Division
761102,Hinjilicut S.O,Hinjilicut S.O,Sub Office (S.O.),Aska Division
761102,Hinjilicut S.O,Hinjlicut College Road S.O,Sub Office (S.O.),Aska Division
761102,Hinjilicut S.O,Chandulli B.O,Branch Office (B.O.),Aska Division
761102,Hinjilicut S.O,Kharida B.O,Branch Office (B.O.),Aska Division
761102,Hinjilicut S.O,Nandiko B.O,Branch Office (B.O.),Aska Division
761102,Hinjilicut S.O,Putiapadar B.O,Branch Office (B.O.),Aska Division
761102,Hinjilicut S.O,Ralaba B.O,Branch Office (B.O.),Aska Division
761102,Hinjilicut S.O,Sikiri B.O,Branch Office (B.O.),Aska Division
761103,Pitala S.O,Pitala S.O,Sub Office (S.O.),Aska Division
761103,Pitala S.O,Brahmanchhai B.O,Branch Office (B.O.),Aska Division
761103,Pitala S.O,Mahachhai B.O,Branch Office (B.O.),Aska Division
761103,Pitala S.O,Narendrapur B.O,Branch Office (B.O.),Aska Division
761103,Pitala S.O,Podingi B.O,Branch Office (B.O.),Aska Division
761103,Pitala S.O,Ramachandrapur B.O,Branch Office (B.O.),Aska Division
761103,Pitala S.O,Tanhara B.O,Branch Office (B.O.),Aska Division
761103,Pitala S.O,Tankachhai B.O,Branch Office (B.O.),Aska Division
761104,Banadevi Patna S.O,Banadevi Patna S.O,Sub Office (S.O.),Aska Division
761104,Banadevi Patna S.O,Gopinath Patna S.O,Sub Office (S.O.),Aska Division
761104,Banadevi Patna S.O,Kabisuryanagar S.O,Sub Office (S.O.),Aska Division
761104,Banadevi Patna S.O,Ambapua B.O,Branch Office (B.O.),Aska Division
761104,Banadevi Patna S.O,B.Nuapalli B.O,Branch Office (B.O.),Aska Division
761104,Banadevi Patna S.O,Baliasara B.O,Branch Office (B.O.),Aska Division
761104,Banadevi Patna S.O,Barida B.O,Branch Office (B.O.),Aska Division
761104,Banadevi Patna S.O,Bolosara B.O,Branch Office (B.O.),Aska Division
761104,Banadevi Patna S.O,Gangapur B.O,Branch Office (B.O.),Aska Division
761104,Banadevi Patna S.O,Ghodapolan B.O,Branch Office (B.O.),Aska Division
761104,Banadevi Patna S.O,Gudiali B.O,Branch Office (B.O.),Aska Division
761104,Banadevi Patna S.O,Hindola B.O,Branch Office (B.O.),Aska Division
761104,Banadevi Patna S.O,Jarada B.O,Branch Office (B.O.),Aska Division
761104,Banadevi Patna S.O,Jhadabai B.O,Branch Office (B.O.),Aska Division
761104,Banadevi Patna S.O,Paikajamuna B.O,Branch Office (B.O.),Aska Division
761104,Banadevi Patna S.O,Pathara B.O,Branch Office (B.O.),Aska Division
761104,Banadevi Patna S.O,Sialia B.O,Branch Office (B.O.),Aska Division
761104,Banadevi Patna S.O,Sunapalli B.O,Branch Office (B.O.),Aska Division
761104,Banadevi Patna S.O,Sunarijhola BO,Branch Office (B.O.),Aska Division
761105,Polosara S.O,Polosara S.O,Sub Office (S.O.),Berhampur Division
761105,Polosara S.O,Athagadapatna B.O,Branch Office (B.O.),Berhampur Division
761105,Polosara S.O,Banthapalli B.O,Branch Office (B.O.),Berhampur Division
761105,Polosara S.O,Bellagam B.O,Branch Office (B.O.),Berhampur Division
761105,Polosara S.O,Bhabarada B.O,Branch Office (B.O.),Berhampur Division
761105,Polosara S.O,Budhamba B.O,Branch Office (B.O.),Berhampur Division
761105,Polosara S.O,Chirakipadasasan B.O,Branch Office (B.O.),Berhampur Division
761105,Polosara S.O,Gochabadi B.O,Branch Office (B.O.),Berhampur Division
761105,Polosara S.O,Jakara B.O,Branch Office (B.O.),Berhampur Division
761105,Polosara S.O,Kalambo B.O,Branch Office (B.O.),Berhampur Division
761105,Polosara S.O,Khanduru B.O,Branch Office (B.O.),Berhampur Division
761105,Polosara S.O,Madhupalli B.O,Branch Office (B.O.),Berhampur Division
761105,Polosara S.O,Mathura B.O,Branch Office (B.O.),Berhampur Division
761105,Polosara S.O,Pandiripada B.O,Branch Office (B.O.),Berhampur Division
761105,Polosara S.O,Polasara Nimina B.O,Branch Office (B.O.),Berhampur Division
761105,Polosara S.O,Tentulia B.O,Branch Office (B.O.),Berhampur Division
761106,Seragada S.O,Seragada S.O,Sub Office (S.O.),Aska Division
761106,Seragada S.O,Bandhaguda B.O,Branch Office (B.O.),Aska Division
761106,Seragada S.O,Baramundalli B.O,Branch Office (B.O.),Aska Division
761106,Seragada S.O,Dasamundali B.O,Branch Office (B.O.),Aska Division
761106,Seragada S.O,Dhabalpur B.O,Branch Office (B.O.),Aska Division
761106,Seragada S.O,Dhanantara B.O,Branch Office (B.O.),Aska Division
761106,Seragada S.O,K.Karadakana B.O,Branch Office (B.O.),Aska Division
761106,Seragada S.O,Kachakhandi B.O,Branch Office (B.O.),Aska Division
761106,Seragada S.O,Kullagada B.O,Branch Office (B.O.),Aska Division
761106,Seragada S.O,Kumarpani B.O,Branch Office (B.O.),Aska Division
761106,Seragada S.O,Mahupadar B.O,Branch Office (B.O.),Aska Division
761106,Seragada S.O,S.Gopalpur B.O,Branch Office (B.O.),Aska Division
761106,Seragada S.O,Takarada B.O,Branch Office (B.O.),Aska Division
761107,Dharakote S.O,Dharakote S.O,Sub Office (S.O.),Aska Division
761107,Dharakote S.O,Baharpur B.O,Branch Office (B.O.),Aska Division
761107,Dharakote S.O,Baradabilli B.O,Branch Office (B.O.),Aska Division
761107,Dharakote S.O,Bethuara B.O,Branch Office (B.O.),Aska Division
761107,Dharakote S.O,D.Singipur B.O,Branch Office (B.O.),Aska Division
761107,Dharakote S.O,G.D.Palli B.O,Branch Office (B.O.),Aska Division
761107,Dharakote S.O,Jahada B.O,Branch Office (B.O.),Aska Division
761107,Dharakote S.O,Janibilli B.O,Branch Office (B.O.),Aska Division
761107,Dharakote S.O,Manikyapur B.O,Branch Office (B.O.),Aska Division
761107,Dharakote S.O,Nuagada B.O,Branch Office (B.O.),Aska Division
761107,Dharakote S.O,Rugumu B.O,Branch Office (B.O.),Aska Division
761107,Dharakote S.O,Saba B.O,Branch Office (B.O.),Aska Division
761107,Dharakote S.O,Suramani B.O,Branch Office (B.O.),Aska Division
761108,Surada S.O,Surada S.O,Sub Office (S.O.),Aska Division
761108,Surada S.O,Amrutulu B.O,Branch Office (B.O.),Aska Division
761108,Surada S.O,B.Kotibadi B.O,Branch Office (B.O.),Aska Division
761108,Surada S.O,Badabadangi B.O,Branch Office (B.O.),Aska Division
761108,Surada S.O,Genja B.O,Branch Office (B.O.),Aska Division
761108,Surada S.O,Gopalpursasan B.O,Branch Office (B.O.),Aska Division
761108,Surada S.O,Hukuma B.O,Branch Office (B.O.),Aska Division
761108,Surada S.O,K.Jatabadi B.O,Branch Office (B.O.),Aska Division
761108,Surada S.O,Lathipada B.O,Branch Office (B.O.),Aska Division
761108,Surada S.O,Palakatu B.O,Branch Office (B.O.),Aska Division
761108,Surada S.O,Ratnapur B.O,Branch Office (B.O.),Aska Division
761108,Surada S.O,Sarabadi B.O,Branch Office (B.O.),Aska Division
761108,Surada S.O,Sorisbilli B.O,Branch Office (B.O.),Aska Division
761108,Surada S.O,Surada Bazar B.O,Branch Office (B.O.),Aska Division
761109,Badagada S.O,Badagada S.O,Sub Office (S.O.),Aska Division
761109,Badagada S.O,Balarampur B.O,Branch Office (B.O.),Aska Division
761109,Badagada S.O,Borada B.O,Branch Office (B.O.),Aska Division
761109,Badagada S.O,Ekalpur B.O,Branch Office (B.O.),Aska Division
761109,Badagada S.O,Gangapur B.O,Branch Office (B.O.),Aska Division
761109,Badagada S.O,Gaudagotha B.O,Branch Office (B.O.),Aska Division
761109,Badagada S.O,Merikote B.O,Branch Office (B.O.),Aska Division
761109,Badagada S.O,Padmapur B.O,Branch Office (B.O.),Aska Division
761109,Badagada S.O,Rai Bandha B.O,Branch Office (B.O.),Aska Division
761109,Badagada S.O,Sandhikendu B.O,Branch Office (B.O.),Aska Division
761109,Badagada S.O,Sidhapur B.O,Branch Office (B.O.),Aska Division
761110,Aska H.O,Aska H.O,Head Office (H.O.),Aska Division
761110,Aska H.O,Aska Junction S.O,Sub Office (S.O.),Aska Division
761110,Aska H.O,Khambeswari Patna S.O,Sub Office (S.O.),Aska Division
761110,Aska H.O,Raghunath Nagar S.O (Ganjam),Sub Office (S.O.),Aska Division
761110,Aska H.O,Sunambo Street S.O,Sub Office (S.O.),Aska Division
761110,Aska H.O,T.O.Road S.O,Sub Office (S.O.),Aska Division
761111,Aska College Square S.O,Aska College Square S.O,Sub Office (S.O.),Aska Division
761111,Aska College Square S.O,Nuagam S.O,Sub Office (S.O.),Aska Division
761111,Aska College Square S.O,A.K.Deuli B.O,Branch Office (B.O.),Aska Division
761111,Aska College Square S.O,Alipur B.O,Branch Office (B.O.),Aska Division
761111,Aska College Square S.O,Babanpur B.O,Branch Office (B.O.),Aska Division
761111,Aska College Square S.O,Balichhai B.O,Branch Office (B.O.),Aska Division
761111,Aska College Square S.O,Baragam B.O,Branch Office (B.O.),Aska Division
761111,Aska College Square S.O,Dhaugam B.O,Branch Office (B.O.),Aska Division
761111,Aska College Square S.O,G.D.Palli B.O,Branch Office (B.O.),Aska Division
761111,Aska College Square S.O,Haridapadar B.O,Branch Office (B.O.),Aska Division
761111,Aska College Square S.O,Humuki B.O,Branch Office (B.O.),Aska Division
761111,Aska College Square S.O,Jayapur B.O,Branch Office (B.O.),Aska Division
761111,Aska College Square S.O,Kalasandhapur B.O,Branch Office (B.O.),Aska Division
761111,Aska College Square S.O,Kaniary B.O,Branch Office (B.O.),Aska Division
761111,Aska College Square S.O,Kharia B.O,Branch Office (B.O.),Aska Division
761111,Aska College Square S.O,Kotinada B.O,Branch Office (B.O.),Aska Division
761111,Aska College Square S.O,Kumbhari B.O,Branch Office (B.O.),Aska Division
761111,Aska College Square S.O,Nalabanta B.O,Branch Office (B.O.),Aska Division
761111,Aska College Square S.O,Subalaya B.O,Branch Office (B.O.),Aska Division
761114,Mundamarai S.O,Mundamarai S.O,Sub Office (S.O.),Aska Division
761114,Mundamarai S.O,Badula B.O,Branch Office (B.O.),Aska Division
761114,Mundamarai S.O,Jagamohan B.O,Branch Office (B.O.),Aska Division
761114,Mundamarai S.O,Jhadabandha B.O,Branch Office (B.O.),Aska Division
761114,Mundamarai S.O,Jharapari B.O,Branch Office (B.O.),Aska Division
761114,Mundamarai S.O,Kusuraba B.O,Branch Office (B.O.),Aska Division
761115,Gunthapada S.O,Gunthapada S.O,Sub Office (S.O.),Aska Division
761115,Gunthapada S.O,Balisira B.O,Branch Office (B.O.),Aska Division
761115,Gunthapada S.O,Debabhumi B.O,Branch Office (B.O.),Aska Division
761115,Gunthapada S.O,Mangalpur B.O,Branch Office (B.O.),Aska Division
761115,Gunthapada S.O,Sahaspur B.O,Branch Office (B.O.),Aska Division
761116,Bhetonoi S.O,Bhetonoi S.O,Sub Office (S.O.),Aska Division
761116,Bhetonoi S.O,Badakholi B.O,Branch Office (B.O.),Aska Division
761116,Bhetonoi S.O,Dhaninja B.O,Branch Office (B.O.),Aska Division
761116,Bhetonoi S.O,Pandiapathara B.O,Branch Office (B.O.),Aska Division
761116,Bhetonoi S.O,Sidhanoi B.O,Branch Office (B.O.),Aska Division
761117,Ballipadar S.O,Ballipadar S.O,Sub Office (S.O.),Aska Division
761117,Ballipadar S.O,Antarapada B.O,Branch Office (B.O.),Aska Division
761117,Ballipadar S.O,Arakhapur B.O,Branch Office (B.O.),Aska Division
761117,Ballipadar S.O,Bhatakhali B.O,Branch Office (B.O.),Aska Division
761117,Ballipadar S.O,Bishnuchakra B.O,Branch Office (B.O.),Aska Division
761117,Ballipadar S.O,Gahangu B.O,Branch Office (B.O.),Aska Division
761117,Ballipadar S.O,Hatiota B.O,Branch Office (B.O.),Aska Division
761117,Ballipadar S.O,Karadabadi (A) B.O,Branch Office (B.O.),Aska Division
761117,Ballipadar S.O,Mandar B.O,Branch Office (B.O.),Aska Division
761117,Ballipadar S.O,Mangalpur B.O,Branch Office (B.O.),Aska Division
761117,Ballipadar S.O,Rumagada B.O,Branch Office (B.O.),Aska Division
761118,Buguda S.O,Buguda S.O,Sub Office (S.O.),Aska Division
761118,Buguda S.O,Adipur B.O,Branch Office (B.O.),Aska Division
761118,Buguda S.O,B.Pankalbadi B.O,Branch Office (B.O.),Aska Division
761118,Buguda S.O,Betarasingi B.O,Branch Office (B.O.),Aska Division
761118,Buguda S.O,Bhamsyali B.O,Branch Office (B.O.),Aska Division
761118,Buguda S.O,Dhunkapada B.O,Branch Office (B.O.),Aska Division
761118,Buguda S.O,Gaudiabarada B.O,Branch Office (B.O.),Aska Division
761118,Buguda S.O,Golabandha B.O,Branch Office (B.O.),Aska Division
761118,Buguda S.O,Golamundala B.O,Branch Office (B.O.),Aska Division
761118,Buguda S.O,Golia B.O,Branch Office (B.O.),Aska Division
761118,Buguda S.O,Kanachhai B.O,Branch Office (B.O.),Aska Division
761118,Buguda S.O,Kanasukha B.O,Branch Office (B.O.),Aska Division
761118,Buguda S.O,Kholakhalli B.O,Branch Office (B.O.),Aska Division
761118,Buguda S.O,Manitara B.O,Branch Office (B.O.),Aska Division
761118,Buguda S.O,Motabadi B.O,Branch Office (B.O.),Aska Division
761118,Buguda S.O,Pangidi B.O,Branch Office (B.O.),Aska Division
761118,Buguda S.O,Sankuru B.O,Branch Office (B.O.),Aska Division
761118,Buguda S.O,Sodak B.O,Branch Office (B.O.),Aska Division
761119,B D Sahi Bellagunhta S.O,B D Sahi Bellagunhta S.O,Sub Office (S.O.),Aska Division
761119,B D Sahi Bellagunhta S.O,Bellaguntha S.O,Sub Office (S.O.),Aska Division
761119,B D Sahi Bellagunhta S.O,Ambapua B.O,Branch Office (B.O.),Aska Division
761119,B D Sahi Bellagunhta S.O,B.L.S.Pur B.O,Branch Office (B.O.),Aska Division
761119,B D Sahi Bellagunhta S.O,Bonka B.O,Branch Office (B.O.),Aska Division
761119,B D Sahi Bellagunhta S.O,Kirapalli B.O,Branch Office (B.O.),Aska Division
761119,B D Sahi Bellagunhta S.O,Kudutei B.O,Branch Office (B.O.),Aska Division
761119,B D Sahi Bellagunhta S.O,Pantikhari B.O,Branch Office (B.O.),Aska Division
761119,B D Sahi Bellagunhta S.O,Patrapalli B.O,Branch Office (B.O.),Aska Division
761119,B D Sahi Bellagunhta S.O,Pratapur B.O,Branch Office (B.O.),Aska Division
761119,B D Sahi Bellagunhta S.O,Udhra B.O,Branch Office (B.O.),Aska Division
761120,Baragam S.O,Baragam S.O,Sub Office (S.O.),Aska Division
761120,Baragam S.O,Aladi B.O,Branch Office (B.O.),Aska Division
761120,Baragam S.O,B.D.Pur B.O,Branch Office (B.O.),Aska Division
761120,Baragam S.O,Jhadabhumi B.O,Branch Office (B.O.),Aska Division
761120,Baragam S.O,Khamarpalli B.O,Branch Office (B.O.),Aska Division
761120,Baragam S.O,Nimapadar B.O,Branch Office (B.O.),Aska Division
761120,Baragam S.O,Patadhar B.O,Branch Office (B.O.),Aska Division
761121,Jagannath Prasad S.O,Jagannath Prasad S.O,Sub Office (S.O.),Aska Division
761121,Jagannath Prasad S.O,Alasuguma B.O,Branch Office (B.O.),Aska Division
761121,Jagannath Prasad S.O,Chamunda B.O,Branch Office (B.O.),Aska Division
761121,Jagannath Prasad S.O,Gandadhara B.O,Branch Office (B.O.),Aska Division
761121,Jagannath Prasad S.O,Kadapada B.O,Branch Office (B.O.),Aska Division
761121,Jagannath Prasad S.O,Kadua B.O,Branch Office (B.O.),Aska Division
761121,Jagannath Prasad S.O,Kumpapada B.O,Branch Office (B.O.),Aska Division
761121,Jagannath Prasad S.O,Kumundi B.O,Branch Office (B.O.),Aska Division
761121,Jagannath Prasad S.O,Panchabhuti B.O,Branch Office (B.O.),Aska Division
761121,Jagannath Prasad S.O,Rauti B.O,Branch Office (B.O.),Aska Division
761121,Jagannath Prasad S.O,Samarbandha B.O,Branch Office (B.O.),Aska Division
761122,Nimina S.O,Nimina S.O,Sub Office (S.O.),Aska Division
761122,Nimina S.O,Benapata B.O,Branch Office (B.O.),Aska Division
761122,Nimina S.O,Kamagada B.O,Branch Office (B.O.),Aska Division
761122,Nimina S.O,Kendupadar B.O,Branch Office (B.O.),Aska Division
761122,Nimina S.O,Landajuali B.O,Branch Office (B.O.),Aska Division
761122,Nimina S.O,Munigadi B.O,Branch Office (B.O.),Aska Division
761123,Gangapur (Ganjam) S.O,Gangapur (Ganjam) S.O,Sub Office (S.O.),Aska Division
761123,Gangapur (Ganjam) S.O,Bangarada B.O,Branch Office (B.O.),Aska Division
761123,Gangapur (Ganjam) S.O,Bori B.O,Branch Office (B.O.),Aska Division
761123,Gangapur (Ganjam) S.O,K.Nuagada B.O,Branch Office (B.O.),Aska Division
761123,Gangapur (Ganjam) S.O,Khairaputi B.O,Branch Office (B.O.),Aska Division
761123,Gangapur (Ganjam) S.O,Khetribarapur B.O,Branch Office (B.O.),Aska Division
761123,Gangapur (Ganjam) S.O,Nunipadasasan B.O,Branch Office (B.O.),Aska Division
761123,Gangapur (Ganjam) S.O,Pailipada B.O,Branch Office (B.O.),Aska Division
761123,Gangapur (Ganjam) S.O,Palakasandha B.O,Branch Office (B.O.),Aska Division
761124,Gobara S.O,Gobara S.O,Sub Office (S.O.),Aska Division
761124,Gobara S.O,Badaborasingi B.O,Branch Office (B.O.),Aska Division
761124,Gobara S.O,Badapada B.O,Branch Office (B.O.),Aska Division
761124,Gobara S.O,Benipalli B.O,Branch Office (B.O.),Aska Division
761124,Gobara S.O,G.Dengapadar B.O,Branch Office (B.O.),Aska Division
761124,Gobara S.O,Kaliaguda B.O,Branch Office (B.O.),Aska Division
761124,Gobara S.O,Kullangi B.O,Branch Office (B.O.),Aska Division
761124,Gobara S.O,Madhabarida B.O,Branch Office (B.O.),Aska Division
761124,Gobara S.O,Nettanga B.O,Branch Office (B.O.),Aska Division
761125,Badakodanda S.O,Badakodanda S.O,Sub Office (S.O.),Aska Division
761125,Badakodanda S.O,Bahadapadar B.O,Branch Office (B.O.),Aska Division
761125,Badakodanda S.O,Dumakumpa B.O,Branch Office (B.O.),Aska Division
761125,Badakodanda S.O,Khamaredi B.O,Branch Office (B.O.),Aska Division
761125,Badakodanda S.O,Lalsingh B.O,Branch Office (B.O.),Aska Division
761125,Badakodanda S.O,Sanakodanda B.O,Branch Office (B.O.),Aska Division
761126,Bhanjanagar H.O,Bhanjanagar H.O,Head Office (H.O.),Aska Division
761126,Bhanjanagar H.O,Bhanjamargo S.O,Sub Office (S.O.),Aska Division
761126,Bhanjanagar H.O,Bhanjanagar  College S.O,Sub Office (S.O.),Aska Division
761126,Bhanjanagar H.O,Bhanjanagar Bazar S.O,Sub Office (S.O.),Aska Division
761126,Bhanjanagar H.O,Bhejiput S.O,Sub Office (S.O.),Aska Division
761131,Kullada S.O,Kullada S.O,Sub Office (S.O.),Aska Division
761131,Kullada S.O,Baaruda B.O,Branch Office (B.O.),Aska Division
761131,Kullada S.O,Baliapata B.O,Branch Office (B.O.),Aska Division
761131,Kullada S.O,Balisahi B.O,Branch Office (B.O.),Aska Division
761131,Kullada S.O,Dholapita B.O,Branch Office (B.O.),Aska Division
761131,Kullada S.O,Gayaganda B.O,Branch Office (B.O.),Aska Division
761131,Kullada S.O,Gerada B.O,Branch Office (B.O.),Aska Division
761131,Kullada S.O,Golapada B.O,Branch Office (B.O.),Aska Division
761131,Kullada S.O,Guzurali B.O,Branch Office (B.O.),Aska Division
761131,Kullada S.O,Kalingapadar B.O,Branch Office (B.O.),Aska Division
761131,Kullada S.O,Khetamundali B.O,Branch Office (B.O.),Aska Division
761131,Kullada S.O,Kokolamba B.O,Branch Office (B.O.),Aska Division
761131,Kullada S.O,Lembhai B.O,Branch Office (B.O.),Aska Division
761131,Kullada S.O,Masabadi B.O,Branch Office (B.O.),Aska Division
761131,Kullada S.O,Rudhapadar B.O,Branch Office (B.O.),Aska Division
761131,Kullada S.O,Tarasinghi B.O,Branch Office (B.O.),Aska Division
761131,Kullada S.O,Tholadi B.O,Branch Office (B.O.),Aska Division
761131,Kullada S.O,Tilisinghi B.O,Branch Office (B.O.),Aska Division
761131,Kullada S.O,Turumu B.O,Branch Office (B.O.),Aska Division
761132,Mujjagada S.O,Mujjagada S.O,Sub Office (S.O.),Aska Division
761132,Mujjagada S.O,Birikote B.O,Branch Office (B.O.),Aska Division
761132,Mujjagada S.O,Brhamanapadar B.O,Branch Office (B.O.),Aska Division
761132,Mujjagada S.O,Buduli B.O,Branch Office (B.O.),Aska Division
761132,Mujjagada S.O,Dadarlunda B.O,Branch Office (B.O.),Aska Division
761132,Mujjagada S.O,G.Rambha B.O,Branch Office (B.O.),Aska Division
761132,Mujjagada S.O,Gundribadi B.O,Branch Office (B.O.),Aska Division
761132,Mujjagada S.O,Mohaguda B.O,Branch Office (B.O.),Aska Division
761133,Jillundi S.O,Jillundi S.O,Sub Office (S.O.),Aska Division
761133,Jillundi S.O,Baunsalundi B.O,Branch Office (B.O.),Aska Division
761133,Jillundi S.O,Dubuduba B.O,Branch Office (B.O.),Aska Division
761133,Jillundi S.O,Gamundi B.O,Branch Office (B.O.),Aska Division
761133,Jillundi S.O,Malaspadar B.O,Branch Office (B.O.),Aska Division
761140,Tanarada S.O,Tanarada S.O,Sub Office (S.O.),Aska Division
761140,Tanarada S.O,Dhumchai B.O,Branch Office (B.O.),Aska Division
761140,Tanarada S.O,Dihapadhala B.O,Branch Office (B.O.),Aska Division
761140,Tanarada S.O,G.Nuagam B.O,Branch Office (B.O.),Aska Division
761140,Tanarada S.O,Inginathi B.O,Branch Office (B.O.),Aska Division
761140,Tanarada S.O,K.Berhampur B.O,Branch Office (B.O.),Aska Division
761140,Tanarada S.O,Kanabhaga B.O,Branch Office (B.O.),Aska Division
761140,Tanarada S.O,Patulisahi B.O,Branch Office (B.O.),Aska Division
761141,Gallery S.O,Gallery S.O,Sub Office (S.O.),Aska Division
761141,Gallery S.O,Badangi B.O,Branch Office (B.O.),Aska Division
761141,Gallery S.O,Domuhani B.O,Branch Office (B.O.),Aska Division
761141,Gallery S.O,Harigada B.O,Branch Office (B.O.),Aska Division
761141,Gallery S.O,Kupati B.O,Branch Office (B.O.),Aska Division
761143,Karachulli S.O,Karachulli S.O,Sub Office (S.O.),Aska Division
761143,Karachulli S.O,B.Karadabadi B.O,Branch Office (B.O.),Aska Division
761143,Karachulli S.O,Biranchipur B.O,Branch Office (B.O.),Aska Division
761143,Karachulli S.O,Karasinghi B.O,Branch Office (B.O.),Aska Division
761143,Karachulli S.O,Takarada B.O,Branch Office (B.O.),Aska Division
761144,Konkarada S.O,Konkarada S.O,Sub Office (S.O.),Aska Division
761144,Konkarada S.O,Adapada B.O,Branch Office (B.O.),Aska Division
761144,Konkarada S.O,Dengadi B.O,Branch Office (B.O.),Aska Division
761144,Konkarada S.O,Kaudia B.O,Branch Office (B.O.),Aska Division
761144,Konkarada S.O,Kurla B.O,Branch Office (B.O.),Aska Division
761146,Burupada S.O,Burupada S.O,Sub Office (S.O.),Aska Division
761146,Burupada S.O,Dengapadar B.O,Branch Office (B.O.),Aska Division
761146,Burupada S.O,Gobindapur B.O,Branch Office (B.O.),Aska Division
761146,Burupada S.O,Gothagam B.O,Branch Office (B.O.),Aska Division
761146,Burupada S.O,Thuruburai B.O,Branch Office (B.O.),Aska Division
761151,Asura Bandha S.O,Asura Bandha S.O,Sub Office (S.O.),Aska Division
761151,Asura Bandha S.O,Badabaraba B.O,Branch Office (B.O.),Aska Division
761151,Asura Bandha S.O,Badagochha B.O,Branch Office (B.O.),Aska Division
761151,Asura Bandha S.O,Bhagabanpur B.O,Branch Office (B.O.),Aska Division
761151,Asura Bandha S.O,Gazalbadi B.O,Branch Office (B.O.),Aska Division
761151,Asura Bandha S.O,Ramanabadi B.O,Branch Office (B.O.),Aska Division
761151,Asura Bandha S.O,U. Dantilingi B.O,Branch Office (B.O.),Aska Division
761209,Khariaguda S.O,Khariaguda S.O,Sub Office (S.O.),Berhampur Division
761209,Khariaguda S.O,Bharampur B.O,Branch Office (B.O.),Berhampur Division
761209,Khariaguda S.O,Ch.Tikarapada B.O,Branch Office (B.O.),Berhampur Division
761209,Khariaguda S.O,Guma Dalaba B.O,Branch Office (B.O.),Berhampur Division
761209,Khariaguda S.O,Hukuma B.O,Branch Office (B.O.),Berhampur Division
761209,Khariaguda S.O,Kampa Khumbajhari B.O,Branch Office (B.O.),Berhampur Division
761209,Khariaguda S.O,Mandarada B.O,Branch Office (B.O.),Berhampur Division
761209,Khariaguda S.O,Narayanapur B.O,Branch Office (B.O.),Berhampur Division
761209,Khariaguda S.O,Puhundi B.O,Branch Office (B.O.),Berhampur Division
761209,Khariaguda S.O,S.B.Jagadevpur B.O,Branch Office (B.O.),Berhampur Division
761209,Khariaguda S.O,Talapada B.O,Branch Office (B.O.),Berhampur Division
761209,Khariaguda S.O,Tinigharia B.O,Branch Office (B.O.),Berhampur Division
761209,Khariaguda S.O,Turubudi B.O,Branch Office (B.O.),Berhampur Division
